{
    "name": "misuse_svc_rules_f1_0",
    "timestamp": "",
    "thresholds": {
        "num_thresholds": 51,
        "min_threshold": 0.0,
        "max_threshold": 1.0
    },
    "optimum": {
        "threshold": 0.5,
        "f1_score": 0.9814634146341464,
        "precision": 0.9805068226120858,
        "recall": 0.982421875,
        "mcc": 0.9758545255424849,
        "tn": 1684.0,
        "tp": 503.0,
        "fn": 9.0,
        "fp": 10.0
    },
    "default": {
        "threshold": 0.5,
        "f1_score": 0.9814634146341464,
        "precision": 0.9805068226120858,
        "recall": 0.982421875,
        "mcc": 0.9758545255424849,
        "tn": 1684.0,
        "tp": 503.0,
        "fn": 9.0,
        "fp": 10.0
    }
}