{
    "name": "misuse_svc_rules_f1_0",
    "timestamp": "",
    "thresholds": {
        "num_thresholds": 51,
        "min_threshold": 0.0,
        "max_threshold": 1.0
    },
    "optimum": {
        "threshold": 0.5,
        "f1_score": 0.9492537313432836,
        "precision": 0.9675456389452333,
        "recall": 0.931640625,
        "mcc": 0.9388853019176419,
        "tn": 2376.0,
        "tp": 477.0,
        "fn": 35.0,
        "fp": 16.0
    },
    "default": {
        "threshold": 0.5,
        "f1_score": 0.9492537313432836,
        "precision": 0.9675456389452333,
        "recall": 0.931640625,
        "mcc": 0.9388853019176419,
        "tn": 2376.0,
        "tp": 477.0,
        "fn": 35.0,
        "fp": 16.0
    }
}